<code_scheme name="CS1332" version="173">
  <option name="CLASS_COUNT_TO_USE_IMPORT_ON_DEMAND" value="999" />
  <option name="NAMES_COUNT_TO_USE_IMPORT_ON_DEMAND" value="999" />
  <option name="PACKAGES_TO_USE_IMPORT_ON_DEMAND">
    <value />
  </option>
  <codeStyleSettings language="JAVA">
    <option name="RIGHT_MARGIN" value="80" />
    <option name="INDENT_CASE_FROM_SWITCH" value="false" />
    <option name="SPACE_BEFORE_ARRAY_INITIALIZER_LBRACE" value="true" />
    <option name="SPACE_BEFORE_ANNOTATION_ARRAY_INITIALIZER_LBRACE" value="true" />
    <option name="IF_BRACE_FORCE" value="3" />
    <option name="DOWHILE_BRACE_FORCE" value="3" />
    <option name="WHILE_BRACE_FORCE" value="3" />
    <option name="FOR_BRACE_FORCE" value="3" />
    <indentOptions>
      <option name="CONTINUATION_INDENT_SIZE" value="4" />
    </indentOptions>
  </codeStyleSettings>
</code_scheme>